ticker,date,sentiment_score,uncertainty_score,sentiment_score_qa,uncertainty_score_qa,sector
AMT,2019-02-27,0.618551,0.010662,0.228215,0.010778,Real Estate
AMT,2019-05-03,0.562853,0.009951,0.17502,0.011964,Real Estate
AMT,2022-04-27,0.607442,0.01328,0.295275,0.005218,Real Estate
AMT,2021-04-29,0.645797,0.011265,0.306677,0.008671,Real Estate
AMT,2020-02-25,0.474085,0.011834,0.233957,0.013367,Real Estate
AMT,2020-07-30,0.447302,0.014801,0.226155,0.011053,Real Estate
AMT,2022-02-24,0.653157,0.015917,0.261976,0.006537,Real Estate
AMT,2020-10-29,0.655274,0.011815,0.222666,0.00824,Real Estate
AMT,2023-10-26,0.480901,0.017002,0.217833,0.014146,Real Estate
AMT,2018-07-31,0.532352,0.012954,0.215907,0.007194,Real Estate
AMT,2019-10-31,0.542939,0.015186,0.213838,0.007188,Real Estate
AMT,2018-05-01,0.538321,0.010542,0.174614,0.010236,Real Estate
AMT,2021-07-29,0.692841,0.01008,0.23376,0.006834,Real Estate
AMT,2020-04-29,0.497694,0.010802,0.234009,0.009239,Real Estate
AMT,2023-02-23,0.550156,0.014398,0.226721,0.010086,Real Estate
AMT,2021-02-25,0.565967,0.014682,0.213888,0.005971,Real Estate
AMT,2018-02-27,0.606829,0.011947,0.172289,0.008582,Real Estate
AMT,2022-07-28,0.504676,0.016518,0.239815,0.00811,Real Estate
AMT,2022-10-27,0.556292,0.01393,0.278269,0.007858,Real Estate
AMT,2021-10-28,0.63872,0.011357,0.212553,0.007829,Real Estate
AMT,2023-07-27,0.70541,0.018336,0.192213,0.010318,Real Estate
AMT,2019-07-31,0.593375,0.012914,0.187271,0.009091,Real Estate
AMT,2018-10-30,0.638425,0.01274,0.18272,0.008229,Real Estate
OKE,2023-11-01,0.532684,0.007852,0.257747,0.008323,Energy
OKE,2023-05-03,0.52002,0.00663,0.159551,0.008905,Energy
OKE,2021-04-28,0.504875,0.007358,0.157125,0.011602,Energy
OKE,2020-02-25,0.357432,0.006364,0.053188,0.00997,Energy
OKE,2022-08-09,0.409886,0.009043,0.219092,0.011628,Energy
OKE,2019-02-26,0.45979,0.010723,0.120121,0.009852,Energy
OKE,2019-10-30,0.540994,0.007401,0.193806,0.009099,Energy
OKE,2022-11-02,0.282428,0.006784,0.180691,0.010468,Energy
OKE,2020-10-28,0.634087,0.008347,0.124451,0.012004,Energy
OKE,2021-11-03,0.560741,0.008876,0.218742,0.013823,Energy
OKE,2020-04-29,0.356156,0.009852,0.088753,0.011968,Energy
OKE,2018-08-01,0.589753,0.008232,0.137953,0.008403,Energy
OKE,2023-08-08,0.423928,0.012954,0.181599,0.011718,Energy
OKE,2018-10-31,0.581717,0.007871,0.162583,0.009599,Energy
OKE,2022-05-04,0.485692,0.00503,0.19752,0.011892,Energy
OKE,2021-02-23,0.492821,0.009859,0.143098,0.011107,Energy
OKE,2022-03-01,0.651956,0.009921,0.167598,0.013503,Energy
OKE,2019-05-01,0.40634,0.00939,0.148068,0.008211,Energy
OKE,2020-07-29,0.479113,0.013255,0.211549,0.009993,Energy
OKE,2023-02-28,0.62343,0.008977,0.173388,0.011597,Energy
OKE,2021-08-04,0.618099,0.007788,0.218661,0.009443,Energy
OKE,2019-07-31,0.530136,0.006708,0.145968,0.010259,Energy
DG,2023-12-07,0.395003,0.009831,0.235365,0.008187,Consumer Defensive
DG,2018-03-15,0.559638,0.009304,0.30186,0.010465,Consumer Defensive
DG,2022-05-26,0.525628,0.009338,0.356446,0.006836,Consumer Defensive
DG,2020-03-12,0.639924,0.011172,0.342601,0.010974,Consumer Defensive
DG,2021-08-26,0.397694,0.009114,0.248714,0.009363,Consumer Defensive
DG,2022-08-25,0.629289,0.01053,0.322531,0.005805,Consumer Defensive
DG,2018-12-04,0.447911,0.012064,0.25598,0.008722,Consumer Defensive
DG,2023-08-31,0.407165,0.011151,0.358651,0.005508,Consumer Defensive
DG,2023-03-16,0.533842,0.013391,0.26468,0.006618,Consumer Defensive
DG,2020-12-03,0.62255,0.009589,0.382758,0.009295,Consumer Defensive
DG,2020-05-28,0.582113,0.011371,0.340048,0.008599,Consumer Defensive
DG,2019-03-14,0.581961,0.012169,0.324732,0.00787,Consumer Defensive
DG,2023-06-01,0.393991,0.013168,0.288892,0.006933,Consumer Defensive
DG,2019-08-29,0.68775,0.013081,0.336293,0.008591,Consumer Defensive
DG,2019-05-30,0.547608,0.013113,0.323094,0.011415,Consumer Defensive
DG,2020-08-27,0.614931,0.009683,0.34862,0.008108,Consumer Defensive
DG,2021-03-18,0.614203,0.010479,0.28071,0.009914,Consumer Defensive
DG,2021-05-27,0.539222,0.010194,0.272639,0.009084,Consumer Defensive
DG,2022-03-17,0.500119,0.010349,0.289576,0.006703,Consumer Defensive
DG,2019-12-05,0.669795,0.01171,0.378414,0.006356,Consumer Defensive
DG,2018-08-30,0.56391,0.009875,0.357201,0.007351,Consumer Defensive
DG,2021-12-02,0.527566,0.010284,0.315271,0.009788,Consumer Defensive
DG,2022-12-01,0.514978,0.012184,0.273968,0.007438,Consumer Defensive
TTWO,2022-08-08,0.461582,0.009938,0.159302,0.01164,Communication Services
TTWO,2020-05-20,0.471548,0.00627,0.177438,0.008444,Communication Services
TTWO,2019-02-06,0.630192,0.004128,0.195878,0.007833,Communication Services
TTWO,2023-02-06,0.458841,0.010889,0.166291,0.006117,Communication Services
TTWO,2020-08-03,0.524309,0.004682,0.176267,0.00835,Communication Services
TTWO,2018-05-16,0.538985,0.004718,0.115296,0.009891,Communication Services
TTWO,2019-11-07,0.52891,0.005837,0.217057,0.008032,Communication Services
TTWO,2019-05-13,0.536706,0.00514,0.187707,0.010887,Communication Services
TTWO,2018-08-02,0.414639,0.005435,0.182463,0.011635,Communication Services
TTWO,2022-05-16,0.450258,0.011114,0.106011,0.010123,Communication Services
TTWO,2021-05-18,0.540105,0.006856,0.236128,0.006562,Communication Services
TTWO,2020-11-05,0.523032,0.004054,0.234161,0.006893,Communication Services
TTWO,2021-11-03,0.541797,0.007615,0.31208,0.005533,Communication Services
TTWO,2019-08-05,0.566656,0.004617,0.224636,0.007599,Communication Services
TTWO,2021-02-08,0.495292,0.004991,0.218756,0.008072,Communication Services
TTWO,2021-08-02,0.375521,0.006649,0.181348,0.005723,Communication Services
TTWO,2022-02-07,0.50201,0.006758,0.194838,0.008094,Communication Services
TTWO,2023-08-08,0.434905,0.008699,0.171559,0.009311,Communication Services
TTWO,2023-11-08,0.462315,0.007962,0.16115,0.007684,Communication Services
TTWO,2023-05-17,0.534283,0.011925,0.186714,0.008748,Communication Services
TTWO,2020-02-06,0.577421,0.005846,0.170973,0.008973,Communication Services
TTWO,2018-11-07,0.582818,0.004354,0.160896,0.0092,Communication Services
TTWO,2022-11-07,0.455749,0.01019,0.146704,0.011563,Communication Services
LOW,2020-11-18,0.611266,0.00557,0.293988,0.007498,Consumer Cyclical
LOW,2019-02-27,0.358959,0.00564,0.246195,0.005703,Consumer Cyclical
LOW,2020-05-20,0.45337,0.005686,0.197447,0.004697,Consumer Cyclical
LOW,2023-05-23,0.367155,0.00411,0.239311,0.008804,Consumer Cyclical
LOW,2019-08-21,0.612778,0.005991,0.231485,0.00595,Consumer Cyclical
LOW,2023-11-21,0.324408,0.005998,0.191962,0.00762,Consumer Cyclical
LOW,2022-02-23,0.696367,0.0039,0.29153,0.004915,Consumer Cyclical
LOW,2020-08-19,0.718768,0.004514,0.319216,0.004991,Consumer Cyclical
LOW,2019-05-22,0.432518,0.005772,0.231866,0.004032,Consumer Cyclical
LOW,2019-11-20,0.551796,0.006142,0.222287,0.004298,Consumer Cyclical
LOW,2018-08-22,0.366689,0.008917,0.197714,0.004208,Consumer Cyclical
LOW,2018-02-28,0.365949,0.007163,0.238323,0.005593,Consumer Cyclical
LOW,2021-11-17,0.517629,0.003611,0.285491,0.006415,Consumer Cyclical
LOW,2021-05-19,0.678905,0.003688,0.275827,0.006919,Consumer Cyclical
LOW,2023-03-01,0.432189,0.003284,0.177956,0.00806,Consumer Cyclical
LOW,2022-05-18,0.512242,0.00512,0.171479,0.005131,Consumer Cyclical
LOW,2022-11-16,0.624197,0.003113,0.270185,0.00566,Consumer Cyclical
LOW,2018-11-20,0.210056,0.006726,0.083594,0.007269,Consumer Cyclical
LOW,2018-05-23,0.462144,0.007381,0.211978,0.0056,Consumer Cyclical
LOW,2021-02-24,0.580775,0.007291,0.287515,0.006716,Consumer Cyclical
LOW,2021-08-18,0.433888,0.004503,0.274957,0.006984,Consumer Cyclical
LOW,2022-08-17,0.350334,0.004139,0.23612,0.004371,Consumer Cyclical
LOW,2020-02-26,0.616852,0.00728,0.267655,0.005148,Consumer Cyclical
LOW,2023-08-22,0.369376,0.003556,0.24657,0.006005,Consumer Cyclical
MA,2021-04-29,0.550881,0.004084,0.242413,0.005642,Financial Services
MA,2020-07-30,0.235641,0.005303,0.181348,0.005095,Financial Services
MA,2023-10-26,0.568556,0.004074,0.141332,0.006922,Financial Services
MA,2019-01-31,0.490947,0.006057,0.173006,0.005838,Financial Services
MA,2018-07-26,0.395429,0.004104,0.121774,0.00717,Financial Services
MA,2020-01-29,0.450423,0.006132,0.162223,0.006607,Financial Services
MA,2020-10-28,0.382037,0.0045,0.224106,0.004444,Financial Services
MA,2023-01-26,0.574241,0.003255,0.223845,0.008279,Financial Services
MA,2021-07-29,0.682641,0.004362,0.220789,0.004341,Financial Services
MA,2018-05-02,0.504679,0.002769,0.137828,0.006274,Financial Services
MA,2020-04-29,0.326278,0.00751,0.178703,0.009168,Financial Services
MA,2019-01-29,0.210632,0.005261,0.244468,0.004299,Financial Services
MA,2019-04-30,0.427677,0.004738,0.138071,0.007573,Financial Services
MA,2022-07-28,0.618847,0.004593,0.220712,0.008876,Financial Services
MA,2019-10-29,0.439015,0.003991,0.179762,0.005956,Financial Services
MA,2023-04-27,0.542317,0.00561,0.201417,0.004923,Financial Services
MA,2019-07-30,0.553107,0.004054,0.151896,0.007199,Financial Services
MA,2022-10-27,0.589595,0.003938,0.184472,0.006697,Financial Services
MA,2021-10-28,0.622575,0.00295,0.210314,0.005415,Financial Services
MA,2022-01-27,0.627417,0.004716,0.124318,0.010209,Financial Services
MA,2023-07-27,0.549529,0.006412,0.216008,0.00402,Financial Services
MA,2021-01-28,0.418793,0.004983,0.119354,0.00516,Financial Services
MA,2022-04-28,0.505792,0.003475,0.156007,0.008475,Financial Services
MA,2018-10-30,0.387816,0.004336,0.136725,0.005009,Financial Services
PRU,2018-11-08,0.319764,0.008168,0.15247,0.006853,Financial Services
PRU,2019-08-01,0.373091,0.008119,0.070174,0.008975,Financial Services
PRU,2023-05-03,0.498615,0.010861,0.184681,0.010737,Financial Services
PRU,2021-05-05,0.464304,0.006541,0.144554,0.009778,Financial Services
PRU,2019-02-07,0.460352,0.006612,0.192693,0.008482,Financial Services
PRU,2019-05-02,0.293166,0.006749,0.244936,0.00739,Financial Services
PRU,2020-02-05,0.418585,0.007241,0.21176,0.00665,Financial Services
PRU,2020-05-06,0.081404,0.013307,0.065788,0.012021,Financial Services
PRU,2020-11-04,0.423118,0.008872,0.171785,0.008919,Financial Services
PRU,2022-02-04,0.449989,0.009534,0.264378,0.006548,Financial Services
PRU,2018-02-08,0.252059,0.009663,0.16251,0.010939,Financial Services
PRU,2022-11-02,0.423212,0.012943,0.216853,0.010718,Financial Services
PRU,2020-08-05,0.273866,0.010756,0.214507,0.007684,Financial Services
PRU,2022-08-03,0.407708,0.013802,0.16567,0.014025,Financial Services
PRU,2019-11-05,0.339427,0.008345,0.125323,0.007795,Financial Services
PRU,2021-02-05,0.472956,0.007893,0.208522,0.011166,Financial Services
PRU,2021-11-03,0.560773,0.011959,0.310569,0.007513,Financial Services
PRU,2018-08-01,0.246396,0.009329,0.122998,0.013626,Financial Services
PRU,2022-05-04,0.532499,0.013851,0.263795,0.010438,Financial Services
PRU,2023-02-08,0.457497,0.012213,0.272777,0.010519,Financial Services
PRU,2023-08-02,0.513695,0.012447,0.318364,0.007118,Financial Services
PRU,2021-08-04,0.469108,0.009317,0.251276,0.007692,Financial Services
PRU,2023-11-02,0.503728,0.010509,0.229121,0.007607,Financial Services
HD,2020-08-18,0.462733,0.012074,0.199623,0.008089,Consumer Cyclical
HD,2022-02-22,0.560494,0.013871,0.187953,0.008371,Consumer Cyclical
HD,2018-11-13,0.48359,0.013509,0.116662,0.00742,Consumer Cyclical
HD,2019-08-20,0.230939,0.009691,0.216631,0.008033,Consumer Cyclical
HD,2020-02-25,0.474382,0.010198,0.192855,0.00775,Consumer Cyclical
HD,2019-02-26,0.421153,0.011017,0.125392,0.007158,Consumer Cyclical
HD,2023-02-21,0.321489,0.011161,0.139946,0.008405,Consumer Cyclical
HD,2021-08-17,0.401495,0.010771,0.179499,0.007795,Consumer Cyclical
HD,2018-08-14,0.398641,0.01113,0.176685,0.006571,Consumer Cyclical
HD,2022-05-17,0.396327,0.009212,0.217217,0.006005,Consumer Cyclical
HD,2022-11-15,0.336189,0.009364,0.149179,0.008345,Consumer Cyclical
HD,2021-05-18,0.466324,0.009698,0.214543,0.0097,Consumer Cyclical
HD,2021-11-16,0.537163,0.011485,0.271486,0.00855,Consumer Cyclical
HD,2022-08-16,0.496183,0.008779,0.263755,0.00719,Consumer Cyclical
HD,2018-05-15,0.448612,0.008559,0.179022,0.008099,Consumer Cyclical
HD,2019-11-19,0.325302,0.01154,0.229058,0.005905,Consumer Cyclical
HD,2021-02-23,0.456487,0.013665,0.214199,0.006846,Consumer Cyclical
HD,2019-05-21,0.193812,0.008751,0.135849,0.008117,Consumer Cyclical
HD,2018-02-20,0.429273,0.012662,0.176099,0.008736,Consumer Cyclical
HD,2023-08-15,0.076956,0.010323,0.124156,0.007213,Consumer Cyclical
HD,2020-11-17,0.443784,0.010179,0.183381,0.009037,Consumer Cyclical
HD,2020-05-19,0.283555,0.008034,0.116654,0.008914,Consumer Cyclical
HD,2023-05-16,-0.081671,0.01226,0.139249,0.008729,Consumer Cyclical
HD,2023-11-14,0.0599,0.009768,0.208239,0.008642,Consumer Cyclical
AMAT,2020-02-12,0.491339,0.010133,0.340714,0.004562,Technology
AMAT,2018-02-14,0.433345,0.011267,0.312765,0.004234,Technology
AMAT,2023-08-17,0.449865,0.005416,0.243462,0.007581,Technology
AMAT,2023-05-18,0.436171,0.007282,0.222199,0.006874,Technology
AMAT,2023-11-16,0.45203,0.008202,0.250063,0.007741,Technology
AMAT,2020-11-12,0.579491,0.007798,0.335088,0.008,Technology
AMAT,2022-08-18,0.330246,0.007197,0.134511,0.005566,Technology
AMAT,2023-02-16,0.314042,0.008706,0.168426,0.010474,Technology
AMAT,2020-08-13,0.703919,0.006309,0.35796,0.004474,Technology
AMAT,2018-11-15,0.293648,0.012064,0.177212,0.008888,Technology
AMAT,2018-05-17,0.561256,0.009534,0.265478,0.007487,Technology
AMAT,2021-08-19,0.546895,0.005723,0.338759,0.004054,Technology
AMAT,2018-08-16,0.443255,0.006536,0.186679,0.006192,Technology
AMAT,2021-11-18,0.439015,0.004695,0.337806,0.006584,Technology
AMAT,2022-11-17,0.26288,0.010749,0.157442,0.006904,Technology
AMAT,2021-05-20,0.484751,0.007435,0.339357,0.004335,Technology
AMAT,2022-05-19,0.404601,0.005463,0.211237,0.008024,Technology
AMAT,2019-08-15,0.379086,0.006996,0.314084,0.004544,Technology
AMAT,2022-02-16,0.545965,0.006188,0.227458,0.008525,Technology
AMAT,2020-05-14,0.426323,0.008814,0.251257,0.007195,Technology
AMAT,2019-11-14,0.341831,0.007831,0.191789,0.007613,Technology
AMAT,2019-05-16,0.27799,0.008969,0.192959,0.005513,Technology
AMAT,2021-02-18,0.67151,0.008727,0.36908,0.005852,Technology
HAL,2019-04-22,0.445099,0.006085,0.163515,0.0112,Energy
HAL,2020-10-19,0.312641,0.007331,0.236916,0.008209,Energy
HAL,2022-01-24,0.636362,0.007526,0.231389,0.008734,Energy
HAL,2022-10-25,0.522812,0.00809,0.281286,0.005313,Energy
HAL,2019-10-21,0.147368,0.008444,0.193789,0.009611,Energy
HAL,2020-04-20,0.08556,0.010524,0.154998,0.010937,Energy
HAL,2018-01-22,0.49801,0.009942,0.225863,0.008341,Energy
HAL,2019-07-22,0.471423,0.007509,0.196845,0.009125,Energy
HAL,2020-07-20,0.008732,0.010767,0.180454,0.008352,Energy
HAL,2023-07-19,0.559801,0.009513,0.142415,0.007141,Energy
HAL,2023-10-24,0.287928,0.009567,0.296781,0.009027,Energy
HAL,2022-04-19,0.508359,0.006741,0.250889,0.004859,Energy
HAL,2018-04-23,0.448452,0.006658,0.173354,0.01091,Energy
HAL,2021-01-19,0.481018,0.008287,0.192093,0.006733,Energy
HAL,2021-04-21,0.45144,0.007851,0.271083,0.009061,Energy
HAL,2021-10-19,0.607276,0.006478,0.32185,0.010091,Energy
HAL,2023-01-24,0.499889,0.009745,0.285016,0.006072,Energy
HAL,2018-07-23,0.606158,0.009503,0.202051,0.008659,Energy
HAL,2021-07-20,0.591977,0.012602,0.256529,0.007326,Energy
HAL,2022-07-19,0.517532,0.006321,0.279046,0.007688,Energy
HAL,2019-01-22,0.344091,0.008025,0.164198,0.006959,Energy
HAL,2020-01-21,0.330962,0.009555,0.250586,0.009553,Energy
PPL,2022-02-18,0.415813,0.005196,0.152166,0.012315,Utilities
PPL,2020-02-14,0.55172,0.00517,0.12598,0.013641,Utilities
PPL,2019-08-06,0.497077,0.005727,0.09164,0.009069,Utilities
PPL,2022-08-03,0.4948,0.005445,0.177295,0.010616,Utilities
PPL,2020-11-05,0.174175,0.005636,0.231613,0.009005,Utilities
PPL,2019-11-05,0.42427,0.005983,0.153688,0.018035,Utilities
PPL,2020-08-10,0.221614,0.008901,0.178214,0.010597,Utilities
PPL,2020-05-09,0.207048,0.009177,0.15579,0.008618,Utilities
PPL,2018-11-01,0.406969,0.006679,0.168743,0.012021,Utilities
PPL,2019-02-14,0.452278,0.004612,0.140968,0.014042,Utilities
PPL,2021-08-05,0.306671,0.003931,0.206617,0.006098,Utilities
PPL,2021-11-04,0.349229,0.004809,0.160468,0.008059,Utilities
PPL,2021-05-06,0.204411,0.004902,0.275656,0.006685,Utilities
PPL,2021-02-18,0.397859,0.004914,0.143703,0.012422,Utilities
PPL,2022-05-05,0.326181,0.006089,0.166468,0.008223,Utilities
MRK,2020-07-31,0.478809,0.010155,0.191461,0.011956,Healthcare
MRK,2018-10-25,0.541185,0.007713,0.131834,0.008617,Healthcare
MRK,2018-02-02,0.528433,0.010046,0.177093,0.009597,Healthcare
MRK,2023-08-01,0.552077,0.008625,0.24236,0.007155,Healthcare
MRK,2021-04-29,0.443588,0.005741,0.191269,0.00699,Healthcare
MRK,2020-02-05,0.524388,0.007773,0.191766,0.00716,Healthcare
MRK,2022-02-03,0.604558,0.008903,0.177946,0.010317,Healthcare
MRK,2019-02-01,0.562727,0.008969,0.214796,0.009642,Healthcare
MRK,2023-10-26,0.526489,0.007712,0.261472,0.005509,Healthcare
MRK,2018-05-01,0.479475,0.007338,0.27306,0.008122,Healthcare
MRK,2021-07-29,0.641319,0.005617,0.211238,0.006383,Healthcare
MRK,2019-04-30,0.527211,0.00621,0.184248,0.008964,Healthcare
MRK,2020-10-27,0.528939,0.006962,0.170133,0.009341,Healthcare
MRK,2023-02-02,0.64092,0.007427,0.170439,0.006992,Healthcare
MRK,2022-07-28,0.559945,0.00651,0.189878,0.009063,Healthcare
MRK,2020-04-28,0.272474,0.008111,0.054774,0.014782,Healthcare
MRK,2021-02-04,0.503016,0.009089,0.146501,0.008553,Healthcare
MRK,2019-10-29,0.518564,0.010094,0.22556,0.008066,Healthcare
MRK,2023-04-27,0.593376,0.008638,0.163334,0.011131,Healthcare
MRK,2019-07-30,0.527742,0.006936,0.163717,0.008712,Healthcare
MRK,2022-10-27,0.607755,0.0076,0.212259,0.01001,Healthcare
MRK,2021-10-28,0.656931,0.005737,0.232734,0.011274,Healthcare
MRK,2022-04-28,0.543449,0.006663,0.208032,0.010066,Healthcare
JNJ,2020-01-22,0.324302,0.008613,0.354826,0.007118,Healthcare
JNJ,2018-07-17,0.338933,0.009181,0.263275,0.008702,Healthcare
JNJ,2022-01-25,0.411072,0.00979,0.300328,0.009458,Healthcare
JNJ,2021-01-26,0.21836,0.00652,0.316263,0.009493,Healthcare
JNJ,2023-10-17,0.377525,0.008563,0.362535,0.008665,Healthcare
JNJ,2018-04-17,0.289665,0.012788,0.253401,0.005997,Healthcare
JNJ,2020-10-13,0.381391,0.008236,0.271444,0.009464,Healthcare
JNJ,2020-07-16,0.05949,0.008988,0.157448,0.010589,Healthcare
JNJ,2022-10-18,0.429313,0.008634,0.334757,0.010048,Healthcare
JNJ,2023-07-20,0.422079,0.007692,0.361766,0.006031,Healthcare
JNJ,2019-07-16,0.371228,0.005254,0.323892,0.006593,Healthcare
JNJ,2022-04-19,0.295536,0.008177,0.301183,0.007624,Healthcare
JNJ,2021-04-20,0.498963,0.008367,0.36226,0.009314,Healthcare
JNJ,2021-10-19,0.264077,0.008662,0.307054,0.008057,Healthcare
JNJ,2018-10-16,0.408648,0.012525,0.278806,0.012667,Healthcare
JNJ,2023-01-24,0.324116,0.008248,0.23824,0.010374,Healthcare
JNJ,2022-07-19,0.386,0.008558,0.355019,0.006274,Healthcare
JNJ,2019-04-16,0.386988,0.006173,0.207504,0.008513,Healthcare
JNJ,2019-10-15,0.435277,0.009945,0.366688,0.006857,Healthcare
JNJ,2020-04-14,0.241863,0.009701,0.179076,0.007998,Healthcare
JNJ,2021-07-21,0.559444,0.007505,0.255619,0.007222,Healthcare
JNJ,2019-01-22,0.506738,0.007041,0.309183,0.006347,Healthcare
BAC,2019-10-16,0.396333,0.0061,0.167368,0.007529,Financial Services
BAC,2021-07-14,0.212812,0.00484,0.048797,0.008045,Financial Services
BAC,2020-10-14,0.061307,0.008808,0.133344,0.007571,Financial Services
BAC,2019-01-16,0.449713,0.007507,0.188525,0.009446,Financial Services
BAC,2020-01-15,0.425173,0.005185,0.163403,0.008018,Financial Services
BAC,2018-07-16,0.305212,0.006549,0.18649,0.006365,Financial Services
BAC,2023-10-17,0.23689,0.004997,0.155838,0.007478,Financial Services
BAC,2023-07-18,0.191244,0.006318,0.068155,0.005212,Financial Services
BAC,2018-10-15,0.351625,0.004474,0.181437,0.006113,Financial Services
BAC,2020-07-16,0.14687,0.006163,-0.014398,0.006795,Financial Services
BAC,2021-04-15,0.38845,0.006638,0.145222,0.00752,Financial Services
BAC,2022-01-19,0.42584,0.003666,0.182987,0.007187,Financial Services
BAC,2018-04-16,0.380042,0.003809,0.133999,0.006715,Financial Services
BAC,2021-10-14,0.387146,0.004747,0.150955,0.007534,Financial Services
BAC,2023-01-13,0.281345,0.004978,0.08252,0.007628,Financial Services
BAC,2021-01-19,0.172395,0.004423,0.073057,0.007014,Financial Services
BAC,2022-10-17,0.254859,0.004517,0.127685,0.006904,Financial Services
BAC,2022-04-18,0.2122,0.006794,0.163447,0.007549,Financial Services
BAC,2019-07-17,0.244458,0.006895,0.144205,0.007415,Financial Services
BAC,2018-01-17,0.343976,0.007522,0.195538,0.006447,Financial Services
BAC,2020-04-15,0.112742,0.006335,0.023255,0.009369,Financial Services
BAC,2019-04-16,0.236936,0.00449,0.114768,0.006183,Financial Services
BAC,2022-07-18,0.292794,0.005342,0.131079,0.00487,Financial Services
BIDU,2020-08-14,0.453662,0.006789,0.214219,0.008947,Communication Services
BIDU,2022-05-26,0.484785,0.00517,0.404457,0.00622,Communication Services
BIDU,2023-11-21,0.524903,0.006063,0.430071,0.005045,Communication Services
BIDU,2020-02-28,0.434937,0.004436,0.153561,0.006317,Communication Services
BIDU,2022-11-22,0.447308,0.006632,0.431188,0.008202,Communication Services
BIDU,2021-11-17,0.524198,0.005778,0.187215,0.009493,Communication Services
BIDU,2019-11-07,0.465928,0.005319,0.236613,0.006068,Communication Services
BIDU,2018-07-31,0.362475,0.007659,0.1592,0.007047,Communication Services
BIDU,2021-05-18,0.561815,0.005732,0.218727,0.006866,Communication Services
BIDU,2018-02-13,0.438201,0.004345,0.258718,0.005269,Communication Services
BIDU,2023-02-22,0.404751,0.005008,0.345124,0.006952,Communication Services
BIDU,2022-03-01,0.509272,0.00711,0.431418,0.009461,Communication Services
BIDU,2022-08-30,0.472266,0.006611,0.356719,0.006835,Communication Services
BIDU,2019-05-17,0.493089,0.005912,0.144553,0.008407,Communication Services
BIDU,2019-08-19,0.336909,0.005318,0.126783,0.006621,Communication Services
BIDU,2020-11-17,0.49715,0.005824,0.250111,0.005459,Communication Services
BIDU,2021-08-12,0.480605,0.00404,0.20376,0.005345,Communication Services
BIDU,2023-08-22,0.498429,0.003658,0.421931,0.006961,Communication Services
BIDU,2018-02-21,0.495543,0.005073,0.187774,0.006353,Communication Services
BIDU,2021-02-18,0.587498,0.005029,0.142368,0.004866,Communication Services
BIDU,2020-05-19,0.237506,0.005366,0.225977,0.007202,Communication Services
BIDU,2023-05-16,0.478082,0.005293,0.504271,0.005116,Communication Services
BIDU,2018-10-30,0.423346,0.006823,0.100486,0.008494,Communication Services
CRM,2022-08-24,0.370335,0.009786,0.190659,0.005058,Technology
CRM,2019-06-04,0.44243,0.007331,0.129182,0.007446,Technology
CRM,2022-05-31,0.525486,0.009076,0.22898,0.003745,Technology
CRM,2020-02-25,0.296757,0.009323,0.194741,0.006555,Technology
CRM,2021-11-30,0.412316,0.006057,0.27182,0.006077,Technology
CRM,2018-08-29,0.450984,0.007135,0.178462,0.005741,Technology
CRM,2018-02-28,0.493498,0.007625,0.229146,0.005367,Technology
CRM,2023-08-30,0.408375,0.003522,0.226786,0.002832,Technology
CRM,2023-03-01,0.38688,0.005585,0.266204,0.005518,Technology
CRM,2020-08-25,0.468877,0.011394,0.230898,0.005075,Technology
CRM,2020-05-28,0.295527,0.010003,0.248821,0.005774,Technology
CRM,2019-12-03,0.375686,0.01256,0.153629,0.006393,Technology
CRM,2023-05-31,0.48079,0.006687,0.127436,0.003443,Technology
CRM,2021-02-25,0.348982,0.008595,0.202029,0.006291,Technology
CRM,2023-11-29,0.436415,0.005988,0.204942,0.005974,Technology
CRM,2020-12-01,0.325403,0.008271,0.220958,0.005079,Technology
CRM,2021-05-27,0.409924,0.006999,0.221912,0.003734,Technology
CRM,2022-03-01,0.410117,0.007439,0.173488,0.003325,Technology
CRM,2021-08-25,0.423194,0.007954,0.363778,0.007347,Technology
CRM,2019-03-04,0.449851,0.007212,0.191075,0.002894,Technology
CRM,2022-11-30,0.33683,0.007855,0.20397,0.006897,Technology
CRM,2019-08-22,0.327598,0.012513,0.19142,0.003949,Technology
CRM,2018-11-27,0.343819,0.005454,0.133175,0.005108,Technology
COST,2022-03-03,0.298009,0.004513,0.182747,0.0101,Consumer Defensive
COST,2022-05-26,0.226875,0.005938,0.18046,0.010676,Consumer Defensive
COST,2020-03-05,0.076347,0.006302,0.040492,0.008381,Consumer Defensive
COST,2019-03-07,0.126031,0.006048,0.101946,0.007164,Consumer Defensive
COST,2023-05-25,0.168699,0.007191,0.158573,0.005288,Consumer Defensive
COST,2022-12-08,0.025574,0.005221,0.123693,0.007566,Consumer Defensive
COST,2023-09-26,0.136528,0.006079,0.141357,0.00727,Consumer Defensive
COST,2022-09-22,0.216257,0.005688,0.12143,0.006598,Consumer Defensive
COST,2018-12-13,0.10031,0.006092,0.016739,0.007668,Consumer Defensive
COST,2020-09-24,0.171911,0.004888,0.107454,0.009063,Consumer Defensive
COST,2020-05-28,-0.058146,0.008587,0.094949,0.006387,Consumer Defensive
COST,2021-03-04,0.188752,0.006159,0.131291,0.008481,Consumer Defensive
COST,2018-03-07,0.311873,0.006828,0.074506,0.00699,Consumer Defensive
COST,2021-12-09,0.235372,0.005178,0.185606,0.011905,Consumer Defensive
COST,2023-03-02,0.004444,0.007152,0.172395,0.005078,Consumer Defensive
COST,2019-05-30,0.209519,0.006734,0.178807,0.006525,Consumer Defensive
COST,2023-12-14,0.461418,0.006634,0.142261,0.00761,Consumer Defensive
COST,2021-09-23,0.254762,0.005535,0.128083,0.007745,Consumer Defensive
COST,2021-05-27,0.130255,0.006154,0.181815,0.009676,Consumer Defensive
COST,2020-12-10,0.22396,0.005915,0.107406,0.011962,Consumer Defensive
COST,2019-10-03,0.354168,0.006152,0.136806,0.007098,Consumer Defensive
COST,2019-12-12,0.202731,0.009836,0.130947,0.008181,Consumer Defensive
ALB,2018-11-08,0.315263,0.00604,0.125179,0.008992,Basic Materials
ALB,2022-08-04,0.604519,0.007564,0.144366,0.010538,Basic Materials
ALB,2018-08-08,0.308564,0.008373,0.126312,0.009434,Basic Materials
ALB,2019-11-07,0.312904,0.007133,0.114447,0.006567,Basic Materials
ALB,2019-02-21,0.516301,0.007271,0.071167,0.009821,Basic Materials
ALB,2019-05-09,0.286718,0.003308,0.129644,0.012684,Basic Materials
ALB,2023-05-04,0.390948,0.006664,0.057028,0.011502,Basic Materials
ALB,2022-11-03,0.436426,0.004502,0.101522,0.008765,Basic Materials
ALB,2023-02-16,0.36449,0.007273,0.18163,0.007199,Basic Materials
ALB,2020-11-05,0.164458,0.004367,0.099162,0.008902,Basic Materials
ALB,2020-02-20,0.284366,0.007515,0.011337,0.01161,Basic Materials
ALB,2020-08-06,-0.055069,0.005284,-0.022426,0.012506,Basic Materials
ALB,2020-05-08,-0.106159,0.006785,-0.002507,0.008591,Basic Materials
ALB,2019-08-08,0.115505,0.005279,0.09243,0.008848,Basic Materials
ALB,2021-08-05,0.401799,0.003635,0.148743,0.010796,Basic Materials
ALB,2023-08-03,0.489563,0.006935,0.155078,0.006692,Basic Materials
ALB,2021-11-04,0.352809,0.001935,0.127149,0.009114,Basic Materials
ALB,2021-05-06,0.337117,0.002023,0.163192,0.008043,Basic Materials
ALB,2021-02-18,0.359612,0.004811,0.156501,0.008584,Basic Materials
ALB,2022-05-05,0.536263,0.007419,0.147469,0.011015,Basic Materials
ALB,2023-11-02,0.258118,0.004673,0.003198,0.008528,Basic Materials
ALB,2022-02-17,0.529166,0.005802,0.167074,0.008619,Basic Materials
MOS,2022-11-08,0.052137,0.008114,0.045117,0.01268,Basic Materials
MOS,2020-11-03,0.200797,0.007827,0.048997,0.009285,Basic Materials
MOS,2021-05-04,0.1091,0.008488,0.107243,0.014191,Basic Materials
MOS,2022-02-23,0.263036,0.010167,0.075918,0.011696,Basic Materials
MOS,2019-02-26,0.494488,0.00975,0.05023,0.007346,Basic Materials
MOS,2022-08-02,0.008422,0.010625,-0.072932,0.009376,Basic Materials
MOS,2020-08-04,0.173695,0.008714,0.117275,0.011823,Basic Materials
MOS,2023-05-04,0.186668,0.010878,-0.032593,0.011664,Basic Materials
MOS,2019-08-06,0.072245,0.007202,-0.017781,0.009223,Basic Materials
MOS,2019-11-05,0.310138,0.007535,0.122829,0.011119,Basic Materials
MOS,2019-05-07,0.285106,0.007979,-0.040996,0.012791,Basic Materials
MOS,2023-02-23,0.164988,0.010772,0.061938,0.010621,Basic Materials
MOS,2020-02-20,0.225007,0.008926,0.101473,0.013043,Basic Materials
MOS,2021-08-03,0.197161,0.00661,0.084667,0.011162,Basic Materials
MOS,2022-05-03,0.230676,0.012668,0.116691,0.011908,Basic Materials
MOS,2021-11-02,0.168922,0.005095,0.210715,0.008988,Basic Materials
MOS,2023-11-08,0.139176,0.007097,0.172671,0.011312,Basic Materials
MOS,2018-11-06,0.464965,0.007825,0.041313,0.009688,Basic Materials
MOS,2023-08-02,0.206424,0.00921,0.038321,0.013676,Basic Materials
MOS,2021-02-18,0.088698,0.008422,0.078111,0.00591,Basic Materials
MOS,2018-08-07,0.30943,0.008243,0.093049,0.011941,Basic Materials
EQIX,2023-05-03,0.589283,0.006735,0.274643,0.00953,Real Estate
EQIX,2020-02-12,0.625309,0.003731,0.183869,0.007204,Real Estate
EQIX,2021-04-28,0.568232,0.005122,0.244348,0.010478,Real Estate
EQIX,2022-04-27,0.604109,0.005758,0.3463,0.008992,Real Estate
EQIX,2018-08-08,0.56208,0.004831,0.182621,0.009334,Real Estate
EQIX,2021-11-30,0.172875,0.004311,,,Real Estate
EQIX,2021-07-28,0.568191,0.005919,0.252049,0.006438,Real Estate
EQIX,2020-05-06,0.629102,0.005433,0.13682,0.009028,Real Estate
EQIX,2022-07-27,0.678439,0.006144,0.292105,0.009414,Real Estate
EQIX,2019-10-30,0.647467,0.004708,0.27875,0.008917,Real Estate
EQIX,2022-11-02,0.65485,0.005273,0.280711,0.007463,Real Estate
EQIX,2021-02-10,0.580056,0.005703,0.232883,0.007689,Real Estate
EQIX,2021-11-03,0.532411,0.004707,0.265513,0.006732,Real Estate
EQIX,2023-02-15,0.646051,0.007615,0.342481,0.004861,Real Estate
EQIX,2018-11-01,0.64334,0.005806,0.210724,0.010808,Real Estate
EQIX,2023-10-25,0.658052,0.00509,0.303881,0.007611,Real Estate
EQIX,2022-02-16,0.659937,0.008608,0.274508,0.009771,Real Estate
EQIX,2019-05-01,0.589435,0.006046,0.216721,0.009689,Real Estate
EQIX,2020-07-29,0.684591,0.007318,0.27862,0.00783,Real Estate
EQIX,2023-08-02,0.444962,0.00801,0.179806,0.009663,Real Estate
EQIX,2019-07-31,0.596188,0.004456,0.323129,0.00744,Real Estate
MCK,2022-02-02,0.502691,0.01068,0.285421,0.007706,Healthcare
MCK,2018-10-25,0.262417,0.008616,0.265257,0.011751,Healthcare
MCK,2023-11-01,0.303382,0.011641,0.217142,0.005015,Healthcare
MCK,2020-05-20,0.37209,0.011391,0.129174,0.009163,Healthcare
MCK,2020-02-04,0.467125,0.009001,0.234657,0.009589,Healthcare
MCK,2020-11-03,0.428855,0.008227,0.241264,0.008974,Healthcare
MCK,2020-08-03,0.150016,0.012428,0.13812,0.013629,Healthcare
MCK,2021-11-01,0.518705,0.007909,0.176453,0.007166,Healthcare
MCK,2019-01-31,0.233604,0.009572,0.287194,0.009967,Healthcare
MCK,2019-10-30,0.441997,0.00642,0.263863,0.007683,Healthcare
MCK,2023-02-01,0.490692,0.009211,0.326405,0.011876,Healthcare
MCK,2019-05-08,0.35433,0.008694,0.265306,0.008987,Healthcare
MCK,2023-05-08,0.477528,0.008205,0.248508,0.006906,Healthcare
MCK,2022-08-03,0.439716,0.010062,0.232562,0.007016,Healthcare
MCK,2022-11-01,0.394609,0.00969,0.132602,0.008026,Healthcare
MCK,2018-05-24,0.226762,0.011912,0.230375,0.011517,Healthcare
MCK,2021-02-02,0.386437,0.007478,0.234312,0.007643,Healthcare
MCK,2021-05-06,0.556364,0.010763,0.284204,0.008587,Healthcare
MCK,2018-02-01,0.291737,0.009059,0.19178,0.009911,Healthcare
MCK,2023-08-02,0.520296,0.00853,0.263909,0.008772,Healthcare
MCK,2021-08-04,0.4911,0.009108,0.189999,0.008897,Healthcare
MCK,2019-07-31,0.289479,0.010315,0.227719,0.007314,Healthcare
MCK,2022-05-05,0.488817,0.009787,0.106099,0.010426,Healthcare
O,2022-08-04,0.592212,0.015941,0.114107,0.007905,Real Estate
O,2019-05-02,0.417328,0.013105,0.117728,0.011537,Real Estate
O,2020-11-03,0.23108,0.0157,0.173023,0.00692,Real Estate
O,2021-05-04,0.494974,0.01318,0.208548,0.008637,Real Estate
O,2022-02-23,0.573736,0.009921,0.191964,0.009518,Real Estate
O,2020-08-04,0.323898,0.014137,0.139991,0.008805,Real Estate
O,2019-02-21,0.342077,0.012795,0.104122,0.011674,Real Estate
O,2023-11-07,0.382462,0.013145,0.147827,0.009705,Real Estate
O,2023-05-04,0.608722,0.014156,0.135757,0.008177,Real Estate
O,2022-11-03,0.471826,0.015866,0.156016,0.008468,Real Estate
O,2019-08-06,0.291891,0.014513,0.114124,0.009851,Real Estate
O,2019-11-05,0.282425,0.014719,0.172257,0.008241,Real Estate
O,2020-02-20,0.323578,0.015955,0.128291,0.010216,Real Estate
O,2021-08-03,0.528836,0.013764,0.198694,0.011043,Real Estate
O,2023-02-22,0.515403,0.015658,0.132791,0.00586,Real Estate
O,2021-11-02,0.566482,0.019699,0.196232,0.009386,Real Estate
O,2020-05-05,0.312827,0.016854,0.086114,0.008521,Real Estate
O,2018-11-01,0.325648,0.00866,0.164971,0.014941,Real Estate
O,2021-02-23,0.355336,0.012886,0.180146,0.011357,Real Estate
O,2023-08-03,0.567721,0.011105,0.087264,0.010682,Real Estate
O,2022-05-05,0.508284,0.014493,0.21713,0.008607,Real Estate
XOM,2020-07-31,0.007629,0.008661,0.110389,0.007154,Energy
XOM,2023-07-28,0.580978,0.005789,0.211085,0.004701,Energy
XOM,2019-11-01,0.450556,0.005771,0.212649,0.008598,Energy
XOM,2018-02-02,0.111786,0.004617,0.133696,0.006658,Energy
XOM,2020-05-01,0.009423,0.009011,0.19064,0.007092,Energy
XOM,2022-10-28,0.399308,0.00625,0.200271,0.00733,Energy
XOM,2018-04-26,0.26574,0.000617,0.177149,0.006676,Energy
XOM,2023-01-31,0.552201,0.005324,0.223037,0.005478,Energy
XOM,2018-11-02,0.359303,0.002163,0.224707,0.009469,Energy
XOM,2019-02-01,0.314192,0.003782,0.228682,0.006942,Energy
XOM,2018-07-27,0.130408,0.005352,0.1195,0.008267,Energy
XOM,2023-04-28,0.434728,0.004386,0.224151,0.005162,Energy
XOM,2023-10-27,0.512114,0.006215,0.26733,0.005534,Energy
XOM,2022-07-29,0.474663,0.003813,0.204033,0.006315,Energy
XOM,2019-04-26,0.144921,0.004786,0.209192,0.009919,Energy
XOM,2021-07-30,0.494516,0.003998,0.236257,0.006526,Energy
XOM,2020-10-30,0.088018,0.008525,0.104881,0.005547,Energy
XOM,2020-01-31,0.252527,0.004052,0.194567,0.008183,Energy
XOM,2022-04-29,0.365546,0.004039,0.223411,0.006346,Energy
XOM,2021-04-30,0.535817,0.005985,0.217657,0.005098,Energy
XOM,2021-10-29,0.559353,0.000835,0.259219,0.006567,Energy
XOM,2021-02-02,0.354603,0.005321,0.219286,0.006157,Energy
XOM,2022-02-01,0.518997,0.002633,0.265606,0.00326,Energy
XOM,2019-08-02,0.394614,0.003962,0.1087,0.009287,Energy
SPG,2018-10-25,0.509481,0.00921,0.105173,0.00877,Real Estate
SPG,2023-05-02,0.53684,0.009141,0.195175,0.007393,Real Estate
SPG,2021-11-01,0.433837,0.012658,0.063195,0.01187,Real Estate
SPG,2023-10-30,0.451142,0.009775,0.113352,0.007485,Real Estate
SPG,2020-11-09,0.229764,0.010284,0.101666,0.00814,Real Estate
SPG,2020-05-11,0.070377,0.007592,0.049632,0.008913,Real Estate
SPG,2021-02-08,0.188121,0.00825,0.062074,0.010531,Real Estate
SPG,2021-08-02,0.301158,0.012232,0.087386,0.011058,Real Estate
SPG,2022-02-07,0.516204,0.009594,0.110713,0.007877,Real Estate
SPG,2022-11-01,0.502528,0.01279,0.153187,0.008425,Real Estate
SPG,2022-08-01,0.261745,0.010957,0.103683,0.007759,Real Estate
SPG,2021-05-10,0.333775,0.012587,0.125675,0.007672,Real Estate
SPG,2022-05-09,0.488199,0.009346,0.134643,0.011319,Real Estate
SPG,2023-08-02,0.463398,0.011418,0.134533,0.006995,Real Estate
SBUX,2023-08-01,0.691112,0.004441,0.363701,0.005255,Consumer Cyclical
SBUX,2023-05-02,0.613186,0.005733,0.39702,0.006208,Consumer Cyclical
SBUX,2021-01-26,0.434749,0.006463,0.262833,0.010046,Consumer Cyclical
SBUX,2019-07-25,0.479632,0.006724,0.255048,0.005598,Consumer Cyclical
SBUX,2018-04-26,0.389522,0.007969,0.223643,0.005481,Consumer Cyclical
SBUX,2018-01-25,0.316997,0.006269,0.180303,0.008637,Consumer Cyclical
SBUX,2020-10-29,0.29547,0.009707,0.334276,0.006571,Consumer Cyclical
SBUX,2022-08-02,0.439853,0.004954,0.311961,0.007041,Consumer Cyclical
SBUX,2020-01-28,0.574279,0.00412,0.253403,0.008416,Consumer Cyclical
SBUX,2019-10-30,0.53751,0.004605,0.271425,0.005636,Consumer Cyclical
SBUX,2022-11-03,0.600522,0.006717,0.279275,0.004471,Consumer Cyclical
SBUX,2018-07-26,0.539569,0.005261,0.184395,0.009018,Consumer Cyclical
SBUX,2019-04-25,0.581602,0.004657,0.325698,0.007442,Consumer Cyclical
SBUX,2021-07-27,0.680073,0.005767,0.367056,0.004739,Consumer Cyclical
SBUX,2019-01-24,0.393678,0.004484,0.363988,0.005201,Consumer Cyclical
SBUX,2022-05-03,0.309747,0.005921,0.28445,0.005918,Consumer Cyclical
SBUX,2023-02-02,0.394094,0.007486,0.379403,0.006098,Consumer Cyclical
SBUX,2020-04-28,0.1821,0.008466,0.214761,0.008495,Consumer Cyclical
SBUX,2018-11-01,0.344834,0.005748,0.161112,0.005375,Consumer Cyclical
SBUX,2021-10-28,0.544833,0.007847,0.28235,0.005431,Consumer Cyclical
SBUX,2020-07-28,0.306418,0.007894,0.245687,0.00846,Consumer Cyclical
SBUX,2021-04-27,0.619913,0.006444,0.331889,0.006428,Consumer Cyclical
SBUX,2022-02-01,0.351961,0.009105,0.337416,0.004407,Consumer Cyclical
SBUX,2023-11-02,0.680642,0.006215,0.408484,0.006252,Consumer Cyclical
NEE,2019-07-24,0.473675,0.011813,0.200401,0.008336,Utilities
NEE,2023-07-25,0.501198,0.01735,0.241118,0.007618,Utilities
NEE,2022-01-25,0.540936,0.015945,0.234897,0.011924,Utilities
NEE,2021-01-26,0.591074,0.011741,0.270517,0.008302,Utilities
NEE,2022-10-28,0.427409,0.019174,0.252038,0.00917,Utilities
NEE,2019-04-23,0.39927,0.013858,0.215864,0.009704,Utilities
NEE,2021-07-23,0.424996,0.017685,0.287033,0.007968,Utilities
NEE,2022-04-21,0.398988,0.017025,0.186249,0.010631,Utilities
NEE,2021-10-20,0.532558,0.013874,0.227055,0.009205,Utilities
NEE,2018-10-23,0.604936,0.01275,0.219902,0.008083,Utilities
NEE,2020-01-24,0.458965,0.010232,0.204764,0.010792,Utilities
NEE,2023-10-24,0.46985,0.017773,0.271252,0.006494,Utilities
NEE,2023-01-25,0.528592,0.0144,0.250511,0.006548,Utilities
NEE,2019-01-25,0.478002,0.012521,0.146586,0.007879,Utilities
NEE,2021-04-21,0.52172,0.012923,0.249845,0.005821,Utilities
NEE,2019-10-22,0.430017,0.013195,0.233594,0.014289,Utilities
NEE,2020-10-21,0.584632,0.012777,0.23466,0.010297,Utilities
NEE,2018-01-26,0.406537,0.011025,0.223426,0.00827,Utilities
NEE,2022-07-22,0.495055,0.016894,0.24988,0.009457,Utilities
NEE,2020-04-22,0.490826,0.011667,0.195088,0.008653,Utilities
NEE,2020-07-24,0.467655,0.013111,0.172962,0.004191,Utilities
EXEL,2023-11-01,0.367317,0.009412,0.151336,0.008097,Healthcare
EXEL,2023-02-07,0.329208,0.0153,0.217276,0.009516,Healthcare
EXEL,2022-05-10,0.480801,0.010931,0.181167,0.008967,Healthcare
EXEL,2023-08-01,0.40145,0.011342,0.245607,0.010504,Healthcare
EXEL,2020-02-25,0.240884,0.01162,0.178793,0.011699,Healthcare
EXEL,2022-08-09,0.408896,0.01069,0.161833,0.008408,Healthcare
EXEL,2023-05-09,0.33516,0.011349,0.177828,0.004319,Healthcare
EXEL,2019-10-30,0.377581,0.011208,0.182031,0.011439,Healthcare
EXEL,2020-11-05,0.515538,0.008621,0.192464,0.010906,Healthcare
EXEL,2021-02-10,0.449636,0.008817,0.199817,0.009746,Healthcare
EXEL,2018-05-02,0.553199,0.007916,0.172629,0.011152,Healthcare
EXEL,2018-02-26,0.396071,0.008028,0.229519,0.008447,Healthcare
EXEL,2020-08-06,0.398426,0.009446,0.147503,0.011018,Healthcare
EXEL,2022-11-01,0.384996,0.010334,0.182509,0.013167,Healthcare
EXEL,2021-11-02,0.437075,0.007263,0.177371,0.013875,Healthcare
EXEL,2020-05-05,0.469747,0.01152,0.208077,0.009638,Healthcare
EXEL,2018-11-01,0.48114,0.008863,0.224514,0.007578,Healthcare
EXEL,2021-08-05,0.346183,0.008378,0.210927,0.00894,Healthcare
EXEL,2019-05-01,0.481052,0.010156,0.248199,0.008441,Healthcare
EXEL,2021-05-06,0.424667,0.009984,0.203387,0.012256,Healthcare
EXEL,2019-02-12,0.494223,0.007076,0.248748,0.010819,Healthcare
EXEL,2019-07-31,0.430521,0.011189,0.233046,0.008707,Healthcare
EXEL,2022-02-17,0.411101,0.008553,0.251452,0.011404,Healthcare
KR,2022-03-03,0.58921,0.003211,0.291893,0.004918,Consumer Defensive
KR,2018-09-13,0.493431,0.003349,0.159192,0.007178,Consumer Defensive
KR,2022-09-09,0.735655,0.003075,0.270461,0.007708,Consumer Defensive
KR,2022-06-16,0.557586,0.005188,0.202463,0.007295,Consumer Defensive
KR,2021-09-10,0.530706,0.005104,0.181878,0.006955,Consumer Defensive
KR,2020-03-05,0.448188,0.004323,0.273816,0.006442,Consumer Defensive
KR,2019-03-07,0.461669,0.004111,0.146942,0.00697,Consumer Defensive
KR,2018-06-21,0.492009,0.004918,0.112478,0.00731,Consumer Defensive
KR,2023-06-15,0.557859,0.006003,0.201875,0.005673,Consumer Defensive
KR,2018-03-08,0.428348,0.005837,0.150987,0.007713,Consumer Defensive
KR,2020-12-03,0.523049,0.005016,0.189759,0.004853,Consumer Defensive
KR,2023-11-30,0.547205,0.00438,0.212522,0.006859,Consumer Defensive
KR,2018-12-06,0.498141,0.005697,0.124055,0.005259,Consumer Defensive
KR,2021-03-04,0.548845,0.00483,0.232852,0.007234,Consumer Defensive
KR,2020-09-11,0.595155,0.006042,0.275293,0.006744,Consumer Defensive
KR,2023-09-08,0.574185,0.006336,0.221652,0.00873,Consumer Defensive
KR,2020-06-18,0.531386,0.004753,0.228465,0.008427,Consumer Defensive
KR,2019-09-12,0.53537,0.00214,0.224356,0.00625,Consumer Defensive
KR,2023-03-02,0.573076,0.006417,0.185431,0.00901,Consumer Defensive
KR,2019-06-20,0.408888,0.002664,0.262828,0.005774,Consumer Defensive
KR,2019-12-05,0.350402,0.003796,0.271127,0.008347,Consumer Defensive
KR,2021-06-17,0.490587,0.004435,0.28679,0.005579,Consumer Defensive
KR,2021-12-02,0.478787,0.003625,0.287162,0.004866,Consumer Defensive
KR,2022-12-01,0.478381,0.005798,0.24897,0.008309,Consumer Defensive
HON,2019-04-18,0.483976,0.007715,0.230808,0.009173,Industrials
HON,2019-10-17,0.506443,0.004903,0.226786,0.011095,Industrials
HON,2020-05-01,0.050461,0.006833,0.134629,0.012348,Industrials
HON,2018-07-20,0.507711,0.004649,0.313308,0.009141,Industrials
HON,2022-02-03,0.374077,0.004928,0.224009,0.010124,Industrials
HON,2021-07-23,0.535328,0.003966,0.265943,0.008647,Industrials
HON,2019-02-01,0.619031,0.00794,0.268379,0.009648,Industrials
HON,2023-10-26,0.536718,0.005806,0.339848,0.008804,Industrials
HON,2018-10-19,0.49915,0.008057,0.265413,0.011835,Industrials
HON,2019-07-18,0.512826,0.006991,0.17329,0.01055,Industrials
HON,2018-04-20,0.603624,0.006867,0.33441,0.007668,Industrials
HON,2021-04-23,0.256707,0.005794,0.201737,0.010412,Industrials
HON,2021-10-22,0.482554,0.004812,0.212232,0.00659,Industrials
HON,2020-10-30,0.251249,0.006664,0.274764,0.008447,Industrials
HON,2020-01-31,0.383853,0.009646,0.126902,0.008651,Industrials
HON,2023-02-02,0.45562,0.006552,0.231733,0.012074,Industrials
HON,2022-07-28,0.466538,0.004768,0.209799,0.00864,Industrials
HON,2023-04-27,0.635388,0.002586,0.280691,0.011734,Industrials
HON,2022-04-29,0.442962,0.00653,0.226116,0.00866,Industrials
HON,2022-10-27,0.555602,0.006893,0.216348,0.014149,Industrials
HON,2021-01-29,0.444303,0.006883,0.175092,0.00822,Industrials
HON,2023-07-27,0.563684,0.002271,0.257075,0.008377,Industrials
HON,2020-07-24,0.021722,0.007728,0.146821,0.011802,Industrials
BA,2021-01-27,0.208286,0.00531,0.14256,0.008333,Industrials
BA,2019-07-24,0.401047,0.005602,0.157697,0.008594,Industrials
BA,2021-04-28,0.371313,0.006503,0.193062,0.006559,Industrials
BA,2022-04-27,0.307365,0.005915,0.152557,0.007536,Industrials
BA,2018-10-24,0.620076,0.003098,0.149792,0.004946,Industrials
BA,2021-10-27,0.498525,0.006769,0.082115,0.011477,Industrials
BA,2021-07-28,0.547188,0.007673,0.200888,0.010344,Industrials
BA,2019-04-24,0.397802,0.002932,0.172728,0.003542,Industrials
BA,2019-01-30,0.71908,0.004427,0.273525,0.006222,Industrials
BA,2020-01-29,0.145783,0.005849,0.143862,0.009639,Industrials
BA,2020-10-28,0.206993,0.007482,0.165838,0.010054,Industrials
BA,2023-01-25,0.461328,0.002157,0.205936,0.008734,Industrials
BA,2020-04-29,0.079677,0.007179,0.194887,0.013742,Industrials
BA,2018-07-25,0.689278,0.004661,0.265045,0.005769,Industrials
BA,2023-10-25,0.448645,0.002498,0.206534,0.007041,Industrials
BA,2018-04-25,0.697119,0.00451,0.315053,0.006654,Industrials
BA,2023-07-26,0.354747,0.003337,0.213459,0.010006,Industrials
BA,2020-07-29,0.135014,0.007473,0.222332,0.009287,Industrials
BA,2022-01-26,0.398492,0.006397,0.116106,0.01078,Industrials
BA,2022-10-26,0.39811,0.003686,0.155719,0.011211,Industrials
BA,2018-01-31,0.647275,0.004196,0.249476,0.006109,Industrials
BA,2019-10-23,0.39418,0.007317,0.213207,0.009246,Industrials
DD,2019-08-01,0.138096,0.006552,0.103148,0.008742,Basic Materials
DD,2019-05-02,0.247308,0.007215,0.155017,0.006511,Basic Materials
DD,2021-05-04,0.427676,0.004797,0.161945,0.008871,Basic Materials
DD,2020-07-30,0.31778,0.009596,0.2012,0.006612,Basic Materials
DD,2020-10-29,0.150305,0.008796,0.131452,0.008105,Basic Materials
DD,2022-02-08,0.500538,0.004544,0.189228,0.009135,Basic Materials
DD,2022-08-02,0.425084,0.008027,0.192687,0.007309,Basic Materials
DD,2019-01-31,0.304753,0.005284,0.085601,0.008858,Basic Materials
DD,2019-10-31,0.109163,0.004838,0.120691,0.006133,Basic Materials
DD,2021-08-03,0.533428,0.006033,0.191186,0.00973,Basic Materials
DD,2021-02-09,0.343397,0.008495,0.178947,0.008137,Basic Materials
DD,2022-05-03,0.47617,0.008067,0.178619,0.005897,Basic Materials
DD,2021-11-02,0.557631,0.006672,0.18921,0.005936,Basic Materials
DD,2020-05-05,0.229403,0.005817,0.095947,0.005566,Basic Materials
DD,2018-05-03,0.504861,0.003922,0.179853,0.004767,Basic Materials
DD,2018-02-01,0.552364,0.006202,0.136708,0.005386,Basic Materials
DIS,2018-11-08,0.222647,0.004267,0.197052,0.009159,Communication Services
DIS,2020-02-04,0.224785,0.00601,0.114189,0.009367,Communication Services
DIS,2021-05-13,0.302268,0.004413,0.238637,0.007041,Communication Services
DIS,2022-11-08,0.389419,0.006403,0.089195,0.011405,Communication Services
DIS,2021-11-10,0.190692,0.006957,0.162879,0.010085,Communication Services
DIS,2022-05-11,0.286249,0.008379,0.26926,0.010351,Communication Services
DIS,2020-11-12,0.060258,0.006985,0.179459,0.008598,Communication Services
DIS,2021-02-11,0.233289,0.005581,0.152439,0.012491,Communication Services
DIS,2019-11-07,0.326505,0.002252,0.136384,0.008112,Communication Services
DIS,2020-08-04,0.035445,0.006238,0.098847,0.009877,Communication Services
DIS,2019-08-06,-0.009031,0.003695,0.091974,0.006954,Communication Services
DIS,2019-05-08,0.218856,0.001677,0.074058,0.010301,Communication Services
DIS,2022-02-09,0.251911,0.006364,0.159557,0.008577,Communication Services
DIS,2018-02-06,0.147428,0.003376,0.134892,0.006746,Communication Services
DIS,2023-08-09,0.336391,0.005675,0.199532,0.013809,Communication Services
DIS,2023-05-10,0.222222,0.004989,0.201863,0.009283,Communication Services
DIS,2020-05-05,0.151202,0.006897,0.08067,0.011368,Communication Services
DIS,2023-11-08,0.48087,0.007326,0.250098,0.008992,Communication Services
DIS,2018-05-08,0.231571,0.003313,0.159267,0.009786,Communication Services
DIS,2022-08-10,0.454785,0.004449,0.209559,0.010272,Communication Services
DIS,2019-02-05,0.067358,0.002088,0.166349,0.011886,Communication Services
DIS,2023-02-08,0.16194,0.007968,0.202535,0.00681,Communication Services
DIS,2021-08-12,0.302432,0.00507,0.218286,0.009785,Communication Services
DIS,2018-08-07,0.471684,0.003768,0.05717,0.009819,Communication Services
CSCO,2020-02-12,0.085953,0.008289,0.123669,0.012188,Technology
CSCO,2018-02-14,0.536788,0.005541,0.151668,0.008092,Technology
CSCO,2019-05-15,0.469434,0.004119,0.131684,0.009125,Technology
CSCO,2023-08-16,0.526937,0.005157,0.153083,0.009504,Technology
CSCO,2020-11-12,0.315086,0.003608,0.210083,0.006466,Technology
CSCO,2021-11-17,0.56344,0.007288,0.200322,0.008857,Technology
CSCO,2018-05-16,0.409831,0.004766,0.187899,0.009411,Technology
CSCO,2018-11-14,0.467433,0.004129,0.182676,0.008443,Technology
CSCO,2021-05-19,0.505085,0.004662,0.247314,0.010085,Technology
CSCO,2020-08-12,0.170986,0.004673,0.190366,0.00869,Technology
CSCO,2018-08-15,0.490788,0.004777,0.166448,0.008982,Technology
CSCO,2022-05-18,0.226066,0.009489,0.051155,0.011919,Technology
CSCO,2019-11-13,0.325908,0.004357,0.114351,0.010016,Technology
CSCO,2023-02-15,0.465032,0.00506,0.179277,0.010189,Technology
CSCO,2022-11-16,0.379636,0.006452,0.067457,0.011111,Technology
CSCO,2021-02-09,0.404276,0.005651,0.194556,0.009474,Technology
CSCO,2021-08-18,0.615237,0.005193,0.207462,0.009253,Technology
CSCO,2020-05-13,0.217667,0.007251,0.146554,0.010302,Technology
CSCO,2022-08-17,0.406801,0.004438,0.201256,0.010493,Technology
CSCO,2022-02-16,0.469345,0.006103,0.168277,0.009212,Technology
CSCO,2023-11-15,0.353893,0.006359,0.170286,0.010723,Technology
CSCO,2023-05-17,0.501108,0.006435,0.158378,0.01155,Technology
CSCO,2019-02-13,0.462713,0.004915,0.223123,0.009274,Technology
CSCO,2019-08-14,0.400701,0.004659,0.093903,0.012017,Technology
AVGO,2022-03-03,0.553344,0.004431,0.187624,0.010572,Technology
AVGO,2023-12-07,0.177275,0.004103,0.154648,0.00784,Technology
AVGO,2020-09-03,0.08936,0.010982,0.133979,0.006838,Technology
AVGO,2021-06-03,0.272909,0.008885,0.161525,0.007105,Technology
AVGO,2018-03-15,0.141456,0.007852,0.157938,0.007298,Technology
AVGO,2022-05-26,0.530914,0.005593,0.239428,0.008262,Technology
AVGO,2019-06-13,0.07511,0.015364,0.13721,0.012195,Technology
AVGO,2020-03-12,-0.018262,0.012531,-0.012682,0.013832,Technology
AVGO,2022-12-08,0.511812,0.006829,0.069735,0.009102,Technology
AVGO,2023-08-31,0.042919,0.007201,0.117193,0.009031,Technology
AVGO,2018-06-07,0.240483,0.007368,0.113133,0.008582,Technology
AVGO,2018-12-06,0.339805,0.010787,0.18462,0.006396,Technology
AVGO,2021-03-04,0.372281,0.012814,0.112574,0.010081,Technology
AVGO,2022-09-01,0.504818,0.00593,0.120256,0.011088,Technology
AVGO,2019-03-14,-0.080744,0.013601,0.213933,0.008503,Technology
AVGO,2021-09-02,0.450198,0.0076,0.215598,0.007914,Technology
AVGO,2023-06-01,0.209585,0.007096,0.162258,0.008418,Technology
AVGO,2021-12-09,0.571549,0.006474,0.17528,0.011139,Technology
AVGO,2019-09-12,0.183186,0.00933,0.073972,0.013836,Technology
AVGO,2023-03-02,0.098805,0.006947,0.175447,0.00751,Technology
AVGO,2020-12-10,0.411168,0.009386,0.191585,0.007531,Technology
AVGO,2020-06-04,0.032539,0.008138,0.123273,0.008931,Technology
AVGO,2019-12-12,0.152467,0.009905,0.17517,0.00587,Technology
AVGO,2018-09-06,0.341871,0.010749,0.126436,0.006659,Technology
EA,2023-11-01,0.505774,0.004779,0.314144,0.00765,Communication Services
EA,2022-05-10,0.490688,0.007255,0.278265,0.007997,Communication Services
EA,2023-08-01,0.531334,0.006556,0.29552,0.006961,Communication Services
EA,2020-07-30,0.527035,0.005188,0.142153,0.010501,Communication Services
EA,2023-01-31,0.296218,0.005441,0.278018,0.010783,Communication Services
EA,2022-08-02,0.396165,0.006341,0.260588,0.007125,Communication Services
EA,2023-05-09,0.5441,0.005431,0.251913,0.007312,Communication Services
EA,2020-11-05,0.515093,0.005128,0.234485,0.006832,Communication Services
EA,2019-05-07,0.34045,0.006086,0.171448,0.010572,Communication Services
EA,2021-11-03,0.576101,0.004001,0.213276,0.007761,Communication Services
EA,2020-01-30,0.477103,0.006531,0.221434,0.006707,Communication Services
EA,2022-11-01,0.41948,0.004221,0.24435,0.010038,Communication Services
EA,2020-05-05,0.261039,0.009849,0.188567,0.010934,Communication Services
EA,2019-10-29,0.497742,0.004448,0.19226,0.009707,Communication Services
EA,2018-05-08,0.392191,0.007032,0.163724,0.009184,Communication Services
EA,2019-07-30,0.407566,0.00449,0.197361,0.008193,Communication Services
EA,2019-02-05,0.205899,0.006155,0.203602,0.010379,Communication Services
EA,2021-05-11,0.534737,0.004271,0.272611,0.006796,Communication Services
EA,2021-02-02,0.528225,0.006028,0.218263,0.010477,Communication Services
EA,2021-08-04,0.581434,0.003601,0.2708,0.008854,Communication Services
EA,2022-02-01,0.510425,0.006673,0.272934,0.005289,Communication Services
EA,2018-10-30,0.330467,0.004446,0.226424,0.00852,Communication Services
FDX,2019-06-25,0.323847,0.007564,0.12756,0.008261,Industrials
FDX,2020-09-15,0.400389,0.008225,0.247415,0.006569,Industrials
FDX,2018-12-18,0.219235,0.008357,0.270616,0.004414,Industrials
FDX,2023-09-20,0.36534,0.004799,0.284529,0.00717,Industrials
FDX,2020-06-30,0.30946,0.006429,0.210571,0.008144,Industrials
FDX,2021-12-16,0.442796,0.00758,0.274312,0.005723,Industrials
FDX,2019-09-17,0.317679,0.005596,0.037151,0.007509,Industrials
FDX,2019-12-17,0.226157,0.006281,0.133794,0.006776,Industrials
FDX,2023-03-16,0.036573,0.004856,0.217409,0.009577,Industrials
FDX,2021-06-24,0.53005,0.005095,0.259998,0.007011,Industrials
FDX,2022-09-22,0.131371,0.003162,0.106651,0.008233,Industrials
FDX,2021-09-21,0.29618,0.00697,0.193779,0.007807,Industrials
FDX,2020-03-17,0.309519,0.006801,0.114514,0.011559,Industrials
FDX,2023-12-19,0.235299,0.003635,0.13245,0.007749,Industrials
FDX,2018-09-17,0.419426,0.009384,0.228304,0.006764,Industrials
FDX,2023-06-20,0.247071,0.005419,0.139222,0.007926,Industrials
FDX,2020-12-17,0.44372,0.005133,0.247838,0.006102,Industrials
FDX,2021-03-18,0.479728,0.007363,0.250825,0.00872,Industrials
FDX,2022-03-17,0.302296,0.006636,0.247309,0.007102,Industrials
FDX,2022-12-20,0.334021,0.005613,0.195941,0.007576,Industrials
FDX,2022-06-23,0.351491,0.008634,0.225779,0.007551,Industrials
FDX,2018-06-19,0.525152,0.006175,0.326884,0.006713,Industrials
FDX,2018-03-20,0.504662,0.006431,0.280777,0.005514,Industrials
DAL,2022-10-13,0.715566,0.004845,0.189111,0.006194,Industrials
DAL,2020-01-14,0.597257,0.007018,0.220315,0.008632,Industrials
DAL,2021-07-14,0.642603,0.007292,0.15308,0.006084,Industrials
DAL,2022-01-13,0.323856,0.007659,0.162077,0.006634,Industrials
DAL,2023-07-13,0.433549,0.003468,0.178458,0.00751,Industrials
DAL,2019-10-10,0.545126,0.007445,0.175134,0.010626,Industrials
DAL,2020-10-13,0.255606,0.008675,0.173533,0.007429,Industrials
DAL,2021-04-15,0.656339,0.00644,0.198128,0.008581,Industrials
DAL,2019-04-10,0.678564,0.006076,0.222611,0.009077,Industrials
DAL,2023-01-13,0.638502,0.003233,0.198843,0.006239,Industrials
DAL,2022-07-13,0.543128,0.004813,0.136424,0.006767,Industrials
DAL,2023-10-12,0.520745,0.003033,0.157685,0.007835,Industrials
DAL,2018-07-12,0.665334,0.003533,0.164371,0.00852,Industrials
DAL,2021-01-14,0.157071,0.008484,0.163906,0.007112,Industrials
DAL,2020-07-14,0.313429,0.007698,0.111459,0.007499,Industrials
DAL,2022-04-13,0.630141,0.006236,0.197596,0.007571,Industrials
DAL,2019-01-15,0.446479,0.008503,0.099893,0.013229,Industrials
DAL,2018-10-11,0.607841,0.007457,0.207699,0.007543,Industrials
DAL,2019-07-11,0.599889,0.005617,0.222577,0.007366,Industrials
DAL,2018-04-12,0.623233,0.004772,0.208522,0.008385,Industrials
DAL,2021-10-13,0.596312,0.00633,0.18005,0.006622,Industrials
DAL,2018-01-11,0.61884,0.003843,0.215086,0.00738,Industrials
DAL,2020-04-22,0.049795,0.012658,0.119485,0.009801,Industrials
BKNG,2019-02-27,0.234147,0.011395,0.155985,0.008489,Consumer Cyclical
BKNG,2021-05-05,0.112563,0.008863,0.210646,0.008463,Consumer Cyclical
BKNG,2018-08-09,0.510563,0.013468,0.174948,0.008076,Consumer Cyclical
BKNG,2018-11-05,0.364905,0.009904,0.176763,0.007737,Consumer Cyclical
BKNG,2022-02-23,0.1982,0.007836,0.230862,0.009117,Consumer Cyclical
BKNG,2019-11-07,0.201527,0.012528,0.180582,0.006491,Consumer Cyclical
BKNG,2019-05-09,0.194954,0.013149,0.142556,0.006742,Consumer Cyclical
BKNG,2019-08-07,0.194299,0.009299,0.143235,0.01006,Consumer Cyclical
BKNG,2022-11-02,0.440726,0.007172,0.190132,0.007195,Consumer Cyclical
BKNG,2023-05-04,0.475739,0.008292,0.255212,0.010028,Consumer Cyclical
BKNG,2022-08-03,0.528654,0.008911,0.230482,0.007548,Consumer Cyclical
BKNG,2020-11-05,-0.292645,0.010957,0.165631,0.008417,Consumer Cyclical
BKNG,2020-05-07,0.010058,0.008638,0.1824,0.010726,Consumer Cyclical
BKNG,2021-11-03,0.135513,0.006067,0.204994,0.006362,Consumer Cyclical
BKNG,2023-02-23,0.61535,0.006673,0.300337,0.006858,Consumer Cyclical
BKNG,2018-02-27,0.31838,0.008041,0.193032,0.009043,Consumer Cyclical
BKNG,2020-08-07,-0.213608,0.010678,0.089576,0.009742,Consumer Cyclical
BKNG,2021-02-24,-0.085517,0.010514,0.152198,0.009461,Consumer Cyclical
BKNG,2020-02-26,0.237203,0.008881,0.092482,0.008874,Consumer Cyclical
BKNG,2022-05-04,0.214243,0.007288,0.18629,0.007115,Consumer Cyclical
BKNG,2023-08-03,0.540083,0.005543,0.233463,0.00743,Consumer Cyclical
BKNG,2021-08-04,0.205694,0.00684,0.183929,0.006647,Consumer Cyclical
BKNG,2023-11-02,0.404933,0.004769,0.270384,0.005721,Consumer Cyclical
BKNG,2018-05-09,0.357391,0.011155,0.097802,0.011618,Consumer Cyclical
ATO,2018-11-08,0.422007,0.005677,0.067567,0.0,Utilities
ATO,2021-11-11,0.472007,0.013063,0.139023,0.007676,Utilities
ATO,2022-08-04,0.343636,0.010163,0.215423,0.006696,Utilities
ATO,2019-02-06,0.479298,0.005478,0.12015,0.014366,Utilities
ATO,2020-02-05,0.450578,0.008713,0.205921,0.008159,Utilities
ATO,2020-11-12,0.382533,0.011628,0.184196,0.007993,Utilities
ATO,2019-11-07,0.500907,0.009132,0.082417,0.0,Utilities
ATO,2019-05-08,0.440021,0.008333,0.124945,0.006192,Utilities
ATO,2022-02-09,0.431374,0.010958,0.163141,0.006785,Utilities
ATO,2020-08-06,0.13482,0.00899,0.149012,0.007927,Utilities
ATO,2020-05-08,0.340629,0.010539,0.026261,0.007712,Utilities
ATO,2019-08-08,0.382668,0.007707,0.180001,0.002642,Utilities
ATO,2021-08-05,0.240083,0.009434,0.170463,0.011605,Utilities
ATO,2021-02-03,0.204252,0.011263,0.156714,0.011055,Utilities
ATO,2021-05-06,0.27729,0.00924,0.316068,0.007299,Utilities
ATO,2022-05-05,0.388654,0.012329,0.17464,0.008998,Utilities
PPG,2019-04-18,-0.036891,0.007099,0.177763,0.009934,Basic Materials
PPG,2019-01-17,0.118322,0.008732,0.099659,0.009407,Basic Materials
PPG,2019-10-17,0.091465,0.01006,0.112312,0.009433,Basic Materials
PPG,2023-01-20,0.576039,0.007268,0.037717,0.007868,Basic Materials
PPG,2022-04-21,0.376544,0.00714,0.232995,0.006514,Basic Materials
PPG,2020-07-17,0.225087,0.008683,0.179121,0.008509,Basic Materials
PPG,2019-07-18,0.198799,0.009204,0.117095,0.008315,Basic Materials
PPG,2018-10-18,0.031811,0.00651,0.121263,0.00874,Basic Materials
PPG,2021-10-21,0.287637,0.005671,0.084764,0.00871,Basic Materials
PPG,2021-04-16,0.478911,0.004997,0.101627,0.010073,Basic Materials
PPG,2021-01-22,0.508648,0.006355,0.124431,0.00851,Basic Materials
PPG,2020-04-28,-0.153298,0.007529,0.059446,0.011027,Basic Materials
PPG,2022-01-21,0.193316,0.004566,0.172339,0.009887,Basic Materials
PPG,2023-07-21,0.391005,0.005402,0.129258,0.006112,Basic Materials
PPG,2022-10-20,0.330353,0.006386,0.140258,0.006181,Basic Materials
PPG,2021-07-20,0.389756,0.006682,0.105515,0.00787,Basic Materials
PPG,2020-01-16,0.329409,0.006819,0.135367,0.007939,Basic Materials
PPG,2023-10-19,0.346247,0.004459,0.208489,0.005202,Basic Materials
PPG,2022-07-22,0.57824,0.004173,0.094228,0.009535,Basic Materials
PPG,2020-10-20,0.292995,0.005978,0.145133,0.00858,Basic Materials
D,2020-07-31,0.336665,0.007574,0.208329,0.006747,Utilities
D,2022-08-08,0.34285,0.006308,0.148444,0.011051,Utilities
D,2018-04-27,0.295249,0.006511,0.153512,0.010688,Utilities
D,2022-11-04,0.392463,0.007144,0.15604,0.012936,Utilities
D,2019-05-03,0.276676,0.007296,0.169918,0.010777,Utilities
D,2019-11-01,0.546762,0.010315,0.100349,0.007419,Utilities
D,2021-05-04,0.433732,0.009726,0.221174,0.008143,Utilities
D,2018-01-29,0.422713,0.00444,0.161083,0.013372,Utilities
D,2021-08-06,0.449502,0.005867,0.23031,0.008982,Utilities
D,2019-02-01,0.405945,0.009126,0.034264,0.008557,Utilities
D,2023-05-05,0.460759,0.006121,0.245282,0.010165,Utilities
D,2020-11-05,0.327678,0.009552,0.214931,0.01285,Utilities
D,2018-08-01,0.330768,0.005754,0.086017,0.007818,Utilities
D,2022-02-11,0.504262,0.005241,0.267845,0.007716,Utilities
D,2021-02-12,0.409496,0.007206,0.171321,0.008192,Utilities
D,2020-05-05,0.206282,0.008868,0.105749,0.010692,Utilities
D,2018-11-01,0.396727,0.005954,0.202033,0.010709,Utilities
D,2023-08-04,0.417758,0.010211,0.148037,0.01442,Utilities
D,2023-11-03,0.303134,0.006345,0.184015,0.00845,Utilities
D,2021-11-05,0.394676,0.00758,0.243523,0.012736,Utilities
D,2020-02-11,0.460962,0.007759,0.178611,0.005865,Utilities
D,2023-02-08,0.409034,0.006023,0.127021,0.013768,Utilities
D,2019-07-31,0.400204,0.007407,0.096673,0.011041,Utilities
D,2022-05-05,0.317452,0.00617,0.202392,0.008244,Utilities
SRE,2021-05-05,0.235407,0.008397,0.247276,0.008451,Utilities
SRE,2022-08-04,0.469828,0.006553,0.21715,0.008035,Utilities
SRE,2019-11-01,0.489007,0.007997,0.170839,0.006674,Utilities
SRE,2018-05-07,0.235808,0.012365,0.155819,0.010852,Utilities
SRE,2019-02-26,0.471114,0.006586,0.215134,0.00701,Utilities
SRE,2020-08-05,0.488345,0.011248,0.187091,0.006727,Utilities
SRE,2020-11-05,0.382623,0.009103,0.235547,0.007056,Utilities
SRE,2022-02-25,0.490284,0.007284,0.253174,0.009018,Utilities
SRE,2019-05-07,0.365677,0.009524,0.180812,0.007407,Utilities
SRE,2020-05-04,0.487309,0.012234,0.221479,0.007699,Utilities
SRE,2021-02-25,0.509695,0.011757,0.210589,0.009099,Utilities
SRE,2018-08-06,0.438349,0.00936,0.173488,0.007439,Utilities
SRE,2021-08-05,0.350055,0.009631,0.288598,0.010466,Utilities
SRE,2021-11-05,0.445772,0.005835,0.279282,0.010463,Utilities
SRE,2018-11-07,0.415003,0.008116,0.20476,0.007436,Utilities
SRE,2019-08-02,0.286596,0.011685,0.203917,0.008732,Utilities
SRE,2022-05-05,0.495643,0.005965,0.281523,0.006987,Utilities
SRE,2020-02-27,0.542171,0.007081,0.19301,0.009687,Utilities
GIS,2021-12-21,0.064302,0.018779,0.208908,0.007167,Consumer Defensive
GIS,2023-09-20,0.093478,0.014218,0.254316,0.009909,Consumer Defensive
GIS,2020-09-23,0.090878,0.016807,0.247496,0.006435,Consumer Defensive
GIS,2022-03-23,0.044777,0.017699,0.214026,0.007904,Consumer Defensive
GIS,2018-12-19,0.423161,0.001746,0.203537,0.00647,Consumer Defensive
GIS,2023-06-28,0.059351,0.013825,0.234545,0.007112,Consumer Defensive
GIS,2020-07-01,0.454004,0.004934,0.177115,0.008337,Consumer Defensive
GIS,2019-03-20,0.500544,0.001855,0.299385,0.006686,Consumer Defensive
GIS,2020-03-18,-0.118789,0.003927,0.156225,0.008804,Consumer Defensive
GIS,2018-06-27,0.386667,0.002709,0.186734,0.005411,Consumer Defensive
GIS,2023-12-20,0.042132,0.014634,0.238494,0.005991,Consumer Defensive
GIS,2021-09-22,0.021983,0.018349,0.190649,0.008438,Consumer Defensive
GIS,2022-09-21,0.058837,0.015464,0.165798,0.011806,Consumer Defensive
GIS,2021-03-24,0.130382,0.013468,0.197335,0.006497,Consumer Defensive
GIS,2022-06-29,0.058519,0.010204,0.164782,0.010633,Consumer Defensive
GIS,2021-06-30,0.064843,0.020202,0.212778,0.011257,Consumer Defensive
GIS,2019-12-18,0.519334,0.001536,0.222979,0.007159,Consumer Defensive
GIS,2020-12-17,0.076134,0.018519,0.213416,0.008959,Consumer Defensive
GIS,2018-03-21,0.273009,0.002792,0.240973,0.005831,Consumer Defensive
GIS,2022-12-20,0.518945,0.003415,0.19957,0.008403,Consumer Defensive
GIS,2019-09-18,0.306009,0.001218,0.256714,0.005969,Consumer Defensive
GIS,2019-06-26,0.334019,0.003622,0.197962,0.007873,Consumer Defensive
ECL,2021-10-26,0.583677,0.008929,0.212002,0.006567,Basic Materials
ECL,2022-04-26,0.528008,0.010731,0.184672,0.009262,Basic Materials
ECL,2021-02-16,0.46238,0.0125,0.274156,0.005817,Basic Materials
ECL,2022-02-15,0.458653,0.008197,0.244412,0.008559,Basic Materials
ECL,2020-02-18,0.485309,0.007171,0.150281,0.006037,Basic Materials
ECL,2022-07-26,0.454576,0.009167,0.253286,0.007941,Basic Materials
ECL,2019-04-30,0.515802,0.00796,0.135211,0.007573,Basic Materials
ECL,2019-02-19,0.482342,0.008475,0.262214,0.008308,Basic Materials
ECL,2020-10-27,0.392238,0.009146,0.153418,0.007949,Basic Materials
ECL,2021-07-27,0.588496,0.008554,0.264852,0.006449,Basic Materials
ECL,2020-04-28,0.337044,0.011643,0.120995,0.010619,Basic Materials
ECL,2019-10-29,0.56073,0.007346,0.176171,0.006842,Basic Materials
ECL,2019-07-30,0.534509,0.007001,0.224422,0.006804,Basic Materials
ECL,2020-07-28,0.215617,0.012953,0.100821,0.005778,Basic Materials
ECL,2021-04-27,0.372969,0.009114,0.297907,0.007265,Basic Materials
ECL,2018-10-30,0.473954,0.008806,0.174498,0.010003,Basic Materials
EOG,2019-02-27,0.589608,0.005059,0.287812,0.008754,Energy
EOG,2022-05-06,0.606358,0.004633,0.264624,0.007481,Energy
EOG,2022-11-04,0.628498,0.006039,0.171206,0.010709,Energy
EOG,2018-01-28,0.455642,0.003696,0.226853,0.004268,Energy
EOG,2019-05-03,0.592915,0.002754,0.244394,0.009248,Energy
EOG,2020-02-28,0.48109,0.005435,0.107819,0.007716,Energy
EOG,2022-08-05,0.555145,0.005343,0.172114,0.008291,Energy
EOG,2018-11-02,0.441621,0.005165,0.17701,0.008745,Energy
EOG,2019-11-07,0.449619,0.006806,0.201387,0.008083,Energy
EOG,2023-05-05,0.581978,0.005121,0.24566,0.006307,Energy
EOG,2018-08-03,0.487428,0.005457,0.143327,0.008035,Energy
EOG,2021-02-26,0.431664,0.006507,0.176109,0.004809,Energy
EOG,2022-02-25,0.583924,0.003372,0.227742,0.006088,Energy
EOG,2020-11-06,0.573161,0.006836,0.21936,0.013072,Energy
EOG,2020-05-08,0.184164,0.007557,0.133956,0.010881,Energy
EOG,2020-08-07,0.323884,0.007346,0.256523,0.008362,Energy
EOG,2023-08-04,0.456238,0.004412,0.204863,0.007165,Energy
EOG,2023-11-03,0.476194,0.004693,0.322132,0.007428,Energy
EOG,2021-08-05,0.527839,0.005171,0.280013,0.00892,Energy
EOG,2018-05-04,0.508684,0.005339,0.198924,0.006323,Energy
EOG,2021-05-07,0.444562,0.003845,0.177739,0.007747,Energy
EOG,2021-11-05,0.503196,0.004216,0.241231,0.007099,Energy
EOG,2023-02-24,0.596238,0.004399,0.218823,0.010357,Energy
EOG,2019-08-02,0.44097,0.004631,0.244396,0.008737,Energy
JPM,2020-01-14,0.434741,0.001316,0.097773,0.008715,Financial Services
JPM,2018-01-12,0.278059,0.004438,0.118244,0.011084,Financial Services
JPM,2018-10-12,0.110971,0.002,0.094794,0.009439,Financial Services
JPM,2019-04-12,0.204079,0.005261,0.100881,0.009769,Financial Services
JPM,2021-04-14,0.259421,0.007484,0.09794,0.010691,Financial Services
JPM,2020-10-13,0.014482,0.007428,0.09656,0.011738,Financial Services
JPM,2023-07-14,0.053207,0.004854,0.011635,0.01137,Financial Services
JPM,2022-01-14,0.380207,0.010325,0.074606,0.010455,Financial Services
JPM,2022-10-14,0.009823,0.006849,-0.035948,0.017657,Financial Services
JPM,2021-07-13,0.241712,0.004266,0.076827,0.010197,Financial Services
JPM,2021-01-15,0.201575,0.008276,0.059206,0.007351,Financial Services
JPM,2019-07-16,0.388334,0.003425,0.116536,0.007119,Financial Services
JPM,2018-07-13,0.470025,0.002015,0.118231,0.008179,Financial Services
JPM,2023-01-13,0.245427,0.007404,0.026469,0.013354,Financial Services
JPM,2023-10-13,0.158082,0.006576,0.063317,0.012932,Financial Services
JPM,2020-07-14,0.008484,0.011114,-0.064911,0.011827,Financial Services
JPM,2022-04-13,-0.179495,0.008796,0.084095,0.013201,Financial Services
JPM,2019-01-15,0.082784,0.004046,0.063851,0.008367,Financial Services
JPM,2018-04-13,0.235424,0.00625,0.133126,0.009233,Financial Services
JPM,2019-10-15,0.18762,0.002643,0.04745,0.005899,Financial Services
JPM,2020-04-14,0.071229,0.007035,-0.001201,0.012724,Financial Services
JPM,2021-10-13,0.275116,0.005607,0.081927,0.008577,Financial Services
JPM,2022-07-14,-0.038871,0.007451,0.062687,0.012104,Financial Services
CCI,2021-07-22,0.487024,0.014072,0.164317,0.008675,Real Estate
CCI,2019-04-18,0.593318,0.01275,0.149358,0.010307,Real Estate
CCI,2022-07-21,0.56253,0.014569,0.190907,0.010656,Real Estate
CCI,2019-10-17,0.536153,0.015632,0.166801,0.011502,Real Estate
CCI,2020-07-30,0.431586,0.019006,0.174967,0.008264,Real Estate
CCI,2022-04-21,0.578254,0.01619,0.199995,0.008173,Real Estate
CCI,2019-07-18,0.483883,0.01588,0.199246,0.009002,Real Estate
CCI,2021-04-22,0.627186,0.020795,0.210084,0.006791,Real Estate
CCI,2020-04-30,0.422544,0.018208,0.148353,0.009726,Real Estate
CCI,2018-10-18,0.661837,0.016186,0.214685,0.010545,Real Estate
CCI,2021-10-21,0.651382,0.015538,0.184872,0.008066,Real Estate
CCI,2023-01-26,0.540898,0.012332,0.210557,0.008043,Real Estate
CCI,2023-07-20,0.286324,0.0107,0.090023,0.009015,Real Estate
CCI,2018-04-19,0.658032,0.012389,0.139922,0.009482,Real Estate
CCI,2019-01-24,0.528476,0.015817,0.173501,0.010318,Real Estate
CCI,2022-10-20,0.60466,0.016087,0.144435,0.005467,Real Estate
CCI,2018-07-19,0.608525,0.012008,0.238199,0.008579,Real Estate
CCI,2023-10-19,0.495438,0.008532,0.196326,0.008247,Real Estate
CCI,2022-01-27,0.515044,0.013148,0.16569,0.006544,Real Estate
CCI,2021-01-28,0.447176,0.015599,0.139167,0.007764,Real Estate
CCI,2020-02-27,0.534317,0.019975,0.145421,0.008201,Real Estate
